{"test_char_acc":0.6732029914855957,"lr-Adam":0.00025,"train_loss_step":0.4274519681930542,"train_acc_epoch":0.8800414800643921,"_timestamp":1.7473776002116802e+09,"test_test_loss":1.0324320793151855,"parameter_count":506846,"trainer/global_step":17966,"test_acc":0.6707860827445984,"val_loss":0.8241564631462097,"computation_count":1187210,"test_test_acc":0.6707860827445984,"train_acc_step":0.8602150678634644,"_runtime":1064.6772683,"val_char_acc":0.7395058870315552,"test_loss":1.0324320793151855,"Epochs":[0,1,2,3,4,5,6,7,8,9,10,11,12,13,14],"_wandb":{"runtime":1069},"test_test_char_acc":0.6732029914855957,"_step":402,"epoch":13,"val_acc":0.7370736002922058,"train_loss_epoch":0.346398264169693}