{"_runtime":231.3469739,"trainer/global_step":4349,"val_loss":1.443764328956604,"computation_count":137290,"lr-Adam":0.0005,"Epochs":[0,1,2,3,4,5,6,7,8,9,10,11,12,13,14],"parameter_count":44942,"_wandb":{"runtime":232},"val_char_acc":0.5413171648979187,"train_loss_step":1.465759038925171,"_timestamp":1.7473778437823997e+09,"train_acc_step":0.5469387769699097,"train_loss_epoch":1.5202645063400269,"val_acc":0.5361824035644531,"_step":97,"epoch":3,"train_acc_epoch":0.5132811069488525}