{"_runtime":0.9306935,"_step":0,"parameter_count":158174,"_wandb":{"runtime":1},"computation_count":594570,"_timestamp":1.7473715965330093e+09}