{"train_loss_epoch":0.4115496873855591,"_timestamp":1.747375380538322e+09,"test_loss":1.0199854373931885,"_wandb":{"runtime":1930},"train_acc_epoch":0.8576944470405579,"lr-Adam":0.0005,"test_test_char_acc":0.6717268824577332,"train_acc_step":0.8388429880142212,"_runtime":1930.7148871,"train_loss_step":0.41304147243499756,"computation_count":874250,"Epochs":[0,1,2,3,4,5,6,7,8,9,10,11,12,13,14],"val_loss":0.8206391334533691,"test_acc":0.6684849262237549,"_step":463,"test_char_acc":0.6717268824577332,"parameter_count":602622,"epoch":15,"trainer/global_step":20730,"val_char_acc":0.7373733520507812,"test_test_acc":0.6684849262237549,"val_acc":0.7325887680053711,"test_test_loss":1.0199854373931885}