{"trainer/global_step":4699,"_runtime":294.1397241,"epoch":3,"train_acc_step":0.6352459192276001,"val_char_acc":0.6016230583190918,"train_loss_epoch":1.191705346107483,"parameter_count":74078,"_step":104,"val_loss":1.2175602912902832,"train_loss_step":1.1120563745498657,"_wandb":{"runtime":295},"computation_count":384010,"train_acc_epoch":0.6013332605361938,"lr-Adam":0.0005,"Epochs":[0,1,2,3,4,5,6,7,8,9,10,11,12,13,14],"_timestamp":1.7473765273760889e+09,"val_acc":0.5980440378189087}