{"lr-Adam":0.0005,"_wandb":{"runtime":1109},"val_loss":1.1796120405197144,"val_char_acc":0.6220189929008484,"test_acc":0.5623739361763,"computation_count":112970,"test_loss":1.3612265586853027,"train_loss_step":1.2150967121124268,"_runtime":1105.7577105,"test_test_acc":0.5623739361763,"Epochs":[0,1,2,3,4,5,6,7,8,9,10,11,12,13,14],"_step":463,"trainer/global_step":20730,"_timestamp":1.7473739389617784e+09,"test_char_acc":0.5661855936050415,"train_acc_step":0.6293103694915771,"train_acc_epoch":0.6398650407791138,"test_test_char_acc":0.5661855936050415,"test_test_loss":1.3612265586853027,"val_acc":0.6158386468887329,"epoch":15,"train_loss_epoch":1.104043960571289,"parameter_count":34574}